log_id,user_id,user_nama,action,target_type,target_id,timestamp
LOG36388898,USR001,Albet Surya Kembara,LOGIN,USER,USR001,2026-09-11T13:24:07.044Z
LOG5F6E8E0C,USR001,Albet Surya Kembara,CREATE_MEETING,MEETING,MTGBA3A5A7F,2026-09-11T13:24:45.815Z
LOG253972AD,USR001,Albet Surya Kembara,CREATE_ATTENDANCE,ATTENDANCE,ATDBF9D1F3C,2026-09-11T13:38:42.804Z
LOGDA09DB02,USR001,Albet Surya Kembara,UPDATE_ATTENDANCE,ATTENDANCE,ATDBF9D1F3C,2026-09-11T13:38:43.924Z
LOG485285E7,USR001,Albet Surya Kembara,UPDATE_ATTENDANCE,ATTENDANCE,ATDBF9D1F3C,2026-09-11T13:38:45.355Z
LOG0E7CA07A,USR001,Albet Surya Kembara,UPDATE_ATTENDANCE,ATTENDANCE,ATDBF9D1F3C,2026-09-11T13:38:45.836Z
LOG91C0BF31,USR001,Albet Surya Kembara,UPDATE_ATTENDANCE,ATTENDANCE,ATDBF9D1F3C,2026-09-11T13:38:47.581Z
LOG4F04051D,USR001,Albet Surya Kembara,UPDATE_ATTENDANCE,ATTENDANCE,ATDBF9D1F3C,2026-09-11T13:38:48.098Z
LOG7D98DA51,USR001,Albet Surya Kembara,UPDATE_ATTENDANCE,ATTENDANCE,ATDBF9D1F3C,2026-09-11T13:38:48.813Z
LOGBA305245,USR001,Albet Surya Kembara,UPDATE_ATTENDANCE,ATTENDANCE,ATDBF9D1F3C,2026-09-11T13:38:50.002Z
LOG7435CE49,USR001,Albet Surya Kembara,UPDATE_ATTENDANCE,ATTENDANCE,ATDBF9D1F3C,2026-09-11T13:38:50.622Z
LOGCE39582D,USR001,Albet Surya Kembara,UPDATE_ATTENDANCE,ATTENDANCE,ATDBF9D1F3C,2026-09-11T13:38:51.803Z
LOGB79EBEDD,USR001,Albet Surya Kembara,UPDATE_ATTENDANCE,ATTENDANCE,ATDBF9D1F3C,2026-09-11T13:38:51.854Z
LOGA1F6E457,USR001,Albet Surya Kembara,UPDATE_ATTENDANCE,ATTENDANCE,ATDBF9D1F3C,2026-09-11T13:38:52.752Z
LOG3616B428,USR001,Albet Surya Kembara,UPDATE_ATTENDANCE,ATTENDANCE,ATDBF9D1F3C,2026-09-11T13:38:53.838Z
LOG28B3AFFC,USR001,Albet Surya Kembara,UPDATE_ATTENDANCE,ATTENDANCE,ATDBF9D1F3C,2026-09-11T13:38:54.571Z
LOGA7EA2C36,USR001,Albet Surya Kembara,UPDATE_ATTENDANCE,ATTENDANCE,ATDBF9D1F3C,2026-09-11T13:39:04.837Z
LOG98562310,USR001,Albet Surya Kembara,CREATE_ANNOUNCEMENT,ANNOUNCEMENT,ANNE56A0D07,2026-09-11T13:48:02.770Z
LOGF4C39F91,USR001,Albet Surya Kembara,CREATE_ANNOUNCEMENT,ANNOUNCEMENT,ANNC9DCD91F,2026-09-11T13:51:45.662Z
LOG6578EFE7,USR001,Albet Surya Kembara,CREATE_ATTENDANCE,ATTENDANCE,ATDAC9AB9C4,2026-09-11T14:01:19.103Z
LOG380EE900,USR001,Albet Surya Kembara,CREATE_ATTENDANCE,ATTENDANCE,ATDB80CB8F1,2026-09-11T14:01:19.368Z
LOG35972908,USR001,Albet Surya Kembara,CREATE_ATTENDANCE,ATTENDANCE,ATDC907A210,2026-09-11T14:01:20.424Z
LOG9FF1B985,USR001,Albet Surya Kembara,CREATE_ATTENDANCE,ATTENDANCE,ATDD4BB896B,2026-09-11T14:01:21.201Z
LOG9EE22469,USR001,Albet Surya Kembara,CREATE_ATTENDANCE,ATTENDANCE,ATD28A202ED,2026-09-11T14:01:22.140Z
LOG851F3293,USR001,Albet Surya Kembara,CREATE_ATTENDANCE,ATTENDANCE,ATD2A1879A1,2026-09-11T14:01:22.282Z
LOG0BC9A0DF,USR001,Albet Surya Kembara,CREATE_ATTENDANCE,ATTENDANCE,ATD855BD462,2026-09-11T14:01:21.496Z
LOGEC90378B,USR001,Albet Surya Kembara,CREATE_ATTENDANCE,ATTENDANCE,ATDE351517D,2026-09-11T14:01:21.585Z
LOGE1DB1691,USR001,Albet Surya Kembara,CREATE_ATTENDANCE,ATTENDANCE,ATDBB2516FA,2026-09-11T14:01:23.344Z
LOG6B47773A,USR001,Albet Surya Kembara,CREATE_ATTENDANCE,ATTENDANCE,ATDEA445739,2026-09-11T14:01:31.375Z
LOGB13E7F5C,USR001,Albet Surya Kembara,LOGIN,USER,USR001,2026-09-11T14:34:19.091Z
LOG5C3658FE,USR001,Albet Surya Kembara,LOGIN,USER,USR001,2026-09-11T14:45:51.388Z
LOGF3940CA5,USR001,Albet Surya Kembara,LOGIN,USER,USR001,2026-09-11T14:54:28.241Z
LOG6A570A87,USR001,Albet Surya Kembara,LOGIN,USER,USR001,2026-09-11T14:54:52.465Z
LOG7B9DE2EE,USR001,Albet Surya Kembara,LOGIN,USER,USR001,2026-09-11T14:55:59.829Z
LOGA1865676,USR001,Albet Surya Kembara,LOGIN,USER,USR001,2026-09-11T14:59:30.294Z
LOG32828F94,USR001,Albet Surya Kembara,LOGIN,USER,USR001,2026-09-11T15:02:12.033Z
LOGF30B69E2,USR001,Albet Surya Kembara,LOGIN,USER,USR001,2026-09-11T15:16:35.427Z
LOGCCFF99C8,USR001,Albet Surya Kembara,LOGIN,USER,USR001,2026-09-11T15:17:13.438Z
LOGBF966627,USR001,Albet Surya Kembara,LOGIN,USER,USR001,2026-09-11T15:57:04.384Z
LOG47A9A609,USR001,Albet Surya Kembara,LOGIN,USER,USR001,2026-09-11T22:58:15.872Z
LOGABF2252F,USR001,Albet Surya Kembara,LOGIN,USER,USR001,2026-09-11T23:32:54.316Z
LOGA17FD5DF,USR001,Albet Surya Kembara,LOGIN,USER,USR001,2026-09-11T23:33:06.677Z
LOG7FE26EF6,USR001,Albet Surya Kembara,LOGIN,USER,USR001,2026-09-11T23:39:15.062Z
LOGBD9E5DA2,USR001,Albet Surya Kembara,LOGIN,USER,USR001,2026-09-11T23:57:57.857Z
LOG402B55EB,USR001,Albet Surya Kembara,LOGIN,USER,USR001,2026-09-11T23:58:13.815Z
LOGE4BF0C01,USR001,Albet Surya Kembara,APPROVE_PENDING,PENDING,SUBC5D15BE9,2026-09-12T00:14:23.197Z
LOGB957645D,USR001,Albet Surya Kembara,REJECT_PENDING,PENDING,SUB61E32570,2026-09-12T00:15:09.349Z
LOG51D68CFF,USR001,Albet Surya Kembara,CREATE_USER_FROM_PENDING,USER,USR1473E90A,2026-09-12T00:15:24.250Z
LOG60CC7447,USR001,Albet Surya Kembara,APPROVE_PENDING,PENDING,SUBB7878C18,2026-09-12T00:15:24.754Z
LOG86E0A588,USR1473E90A,,LOGIN,USER,USR1473E90A,2026-09-12T00:15:26.071Z
LOG8A93C643,TEST_MEMBER,,UPDATE_MY_PROFILE,MEMBER,MBRC4228428,2026-09-12T00:17:59.001Z
LOG61BB3D55,USR001,Albet Surya Kembara,DELETE_ATTENDANCE,ATTENDANCE,ATDBF9D1F3C,2026-09-12T00:22:43.620Z
LOG6556FBC3,USR001,Albet Surya Kembara,CREATE_USER,USER,USR81806F90,2026-09-12T00:23:04.275Z
LOG4026CCA5,USR81806F90,,LOGIN,USER,USR81806F90,2026-09-12T00:23:04.932Z
LOGD7CDC629,USR001,Albet Surya Kembara,LOGIN,USER,USR001,2026-09-12T00:23:15.489Z
LOGC287BA8E,USR001,Albet Surya Kembara,LOGIN,USER,USR001,2026-09-12T00:23:16.397Z
LOG55767786,USR001,Albet Surya Kembara,APPROVE_PENDING,PENDING,SUBCC473193,2026-09-12T00:23:22.723Z
LOG8424F70E,USR001,Albet Surya Kembara,REJECT_PENDING,PENDING,SUB90707F9B,2026-09-12T00:23:24.704Z
LOGD2D2C888,USR001,Albet Surya Kembara,CREATE_USER_FROM_PENDING,USER,USR0D47D70D,2026-09-12T00:23:27.126Z
LOG386D9185,USR001,Albet Surya Kembara,APPROVE_PENDING,PENDING,SUBD783AA41,2026-09-12T00:23:27.299Z
LOG46EAD0E0,USR0D47D70D,,LOGIN,USER,USR0D47D70D,2026-09-12T00:23:28.232Z
LOG1AA2C73B,TEST_MEMBER,,UPDATE_MY_PROFILE,MEMBER,MBRC4228428,2026-09-12T00:23:29.492Z
LOG8BCBBE80,USR001,Albet Surya Kembara,DELETE_ATTENDANCE,ATTENDANCE,ATDAC9AB9C4,2026-09-12T00:23:35.279Z
LOGB6621BFF,USR001,Albet Surya Kembara,CREATE_USER,USER,USR4743F062,2026-09-12T00:23:36.570Z
LOG86484110,USR4743F062,,LOGIN,USER,USR4743F062,2026-09-12T00:23:37.463Z
LOG14F76A0B,USR001,Albet Surya Kembara,LOGIN,USER,USR001,2026-09-12T00:58:54.497Z
LOG355EF376,USR001,Albet Surya Kembara,LOGOUT,USER,USR001,2026-09-12T01:00:10.578Z
LOGB54BAA48,USR81806F90,,LOGIN,USER,USR81806F90,2026-09-12T01:01:10.330Z
LOG1C390B4A,USR81806F90,,LOGIN,USER,USR81806F90,2026-09-12T01:02:46.601Z
LOGC9AA9166,USR81806F90,,LOGIN,USER,USR81806F90,2026-09-12T01:06:41.557Z
LOGBEC1CBA5,USR81806F90,,LOGIN,USER,USR81806F90,2026-09-12T01:09:08.605Z
LOG8777DD21,USR81806F90,,LOGIN,USER,USR81806F90,2026-09-12T01:16:27.752Z
LOGA3668709,USR81806F90,,LOGIN,USER,USR81806F90,2026-09-12T01:21:15.390Z
LOG0462E3F7,USR81806F90,,LOGIN,USER,USR81806F90,2026-09-12T01:26:16.199Z
LOG59C1EC88,USR81806F90,,UPDATE_MY_PROFILE,MEMBER,MBRC4228428,2026-09-12T01:36:25.067Z
LOGEF1FA4C7,USR81806F90,,UPDATE_MY_PROFILE,MEMBER,MBRC4228428,2026-09-12T01:36:40.589Z
LOG6752EC48,USR81806F90,,UPDATE_MY_PROFILE,MEMBER,MBRC4228428,2026-09-12T01:41:53.538Z
LOG11068782,USR81806F90,,UPDATE_MY_PROFILE,MEMBER,MBRC4228428,2026-09-12T01:42:26.502Z
LOG98A7B0C5,USR81806F90,,UPDATE_MY_PROFILE,MEMBER,MBRC4228428,2026-09-12T01:43:09.692Z
LOG254C4B48,USR81806F90,,UPDATE_MY_PROFILE,MEMBER,MBRC4228428,2026-09-12T01:49:02.265Z
LOGE239A6C7,USR81806F90,,UPDATE_MY_PROFILE,MEMBER,MBRC4228428,2026-09-12T01:49:20.585Z
LOG6E9BB7D3,USR81806F90,,UPLOAD_PHOTO,MEMBER,MBRC4228428,2026-09-12T01:49:28.550Z
LOG6BC65E46,USR81806F90,,UPDATE_MY_PROFILE,MEMBER,MBRC4228428,2026-09-12T01:49:52.809Z
LOGA3DD3D5F,USR81806F90,,UPLOAD_PHOTO,MEMBER,MBRC4228428,2026-09-12T01:50:03.202Z
LOG932B0A4B,USR81806F90,,UPLOAD_PHOTO,MEMBER,MBRC4228428,2026-09-12T01:50:32.423Z
LOGA8204EE9,USR81806F90,,UPDATE_MY_PROFILE,MEMBER,MBRC4228428,2026-09-12T02:41:49.717Z
LOG04986AF1,USR81806F90,,UPLOAD_PHOTO,MEMBER,MBRC4228428,2026-09-12T02:41:58.124Z
LOG5C153DD3,USR81806F90,,LOGIN,USER,USR81806F90,2026-09-12T04:15:30.655Z
LOG6E3793A8,USR001,Albet Surya Kembara,LOGIN,USER,USR001,2026-09-12T05:01:36.153Z
LOG59161A3F,USR001,Albet Surya Kembara,LOGOUT,USER,USR001,2026-09-12T05:04:41.381Z
LOGFCF660CB,USR81806F90,,LOGIN,USER,USR81806F90,2026-09-12T05:09:09.789Z
LOGE9A3770E,USR81806F90,,UPDATE_MY_PROFILE,MEMBER,MBRC4228428,2026-09-12T05:39:12.295Z
LOG5CF6B703,USR81806F90,,UPDATE_MY_PROFILE,MEMBER,MBRC4228428,2026-09-12T05:41:08.958Z
LOG72655E2C,USR81806F90,,UPDATE_MY_PROFILE,MEMBER,MBRC4228428,2026-09-12T05:41:56.454Z
LOGE5EF6050,USR001,Albet Surya Kembara,LOGIN,USER,USR001,2026-09-12T05:43:56.950Z
LOG3C15DC7A,USR001,Albet Surya Kembara,LOGIN,USER,USR001,2026-09-12T07:13:40.292Z
LOGC366135A,USR001,Albet Surya Kembara,LOGIN,USER,USR001,2026-09-12T07:19:23.891Z
LOG629FAE99,USR001,Albet Surya Kembara,LOGIN,USER,USR001,2026-09-12T07:23:02.626Z
LOG6F259A73,USR001,Albet Surya Kembara,LOGIN,USER,USR001,2026-09-12T07:23:18.275Z
LOG1FD079A2,USR001,Albet Surya Kembara,LOGIN,USER,USR001,2026-09-12T07:42:39.425Z
LOG79192560,USR001,Albet Surya Kembara,LOGIN,USER,USR001,2026-09-12T08:03:27.846Z
LOGE16B50B5,USR001,Albet Surya Kembara,CREATE_ATTENDANCE,ATTENDANCE,ATD4636A161,2026-09-12T08:51:08.766Z
LOGC8D9732C,USR001,Albet Surya Kembara,CREATE_ATTENDANCE,ATTENDANCE,ATD1D15AD05,2026-09-12T08:51:09.936Z
LOG958589FB,USR001,Albet Surya Kembara,CREATE_ATTENDANCE,ATTENDANCE,ATD100E97FA,2026-09-12T08:51:10.647Z
LOG5F5343BE,USR001,Albet Surya Kembara,CREATE_ATTENDANCE,ATTENDANCE,ATDA052FCE1,2026-09-12T08:51:12.452Z
LOG8B191659,USR001,Albet Surya Kembara,CREATE_ATTENDANCE,ATTENDANCE,ATD6CF428C4,2026-09-12T08:51:13.462Z
LOG7C10D1AC,USR001,Albet Surya Kembara,CREATE_ATTENDANCE,ATTENDANCE,ATD58269A7E,2026-09-12T08:51:14.519Z
LOGD4AB895A,USR001,Albet Surya Kembara,CREATE_ATTENDANCE,ATTENDANCE,ATDC56E044D,2026-09-12T08:51:15.433Z
LOG8A093239,USR001,Albet Surya Kembara,CREATE_ATTENDANCE,ATTENDANCE,ATD4804557E,2026-09-12T08:51:16.381Z
LOG6D2CA74F,USR001,Albet Surya Kembara,CREATE_ATTENDANCE,ATTENDANCE,ATD5628762D,2026-09-12T08:51:18.552Z
LOGDB85112D,USR001,Albet Surya Kembara,CREATE_ATTENDANCE,ATTENDANCE,ATD2B3C5FAB,2026-09-12T08:51:19.514Z
LOG5E61DA75,USR001,Albet Surya Kembara,CREATE_ATTENDANCE,ATTENDANCE,ATD100F0E3E,2026-09-12T08:51:20.397Z
LOGC4018D37,USR001,Albet Surya Kembara,CREATE_ATTENDANCE,ATTENDANCE,ATDFA512A3F,2026-09-12T08:51:21.296Z
LOG20296FDA,USR001,Albet Surya Kembara,CREATE_ATTENDANCE,ATTENDANCE,ATD04BB7C0E,2026-09-12T08:51:23.008Z
LOG9DEA781A,USR001,Albet Surya Kembara,UPDATE_ATTENDANCE,ATTENDANCE,ATD100E97FA,2026-09-12T08:51:34.015Z
LOGF3E723AC,USR001,Albet Surya Kembara,UPDATE_ATTENDANCE,ATTENDANCE,ATDFA512A3F,2026-09-12T08:51:34.806Z
LOG3550A0CB,USR001,Albet Surya Kembara,UPDATE_ATTENDANCE,ATTENDANCE,ATD2B3C5FAB,2026-09-12T08:51:35.658Z
LOG0CD78460,USR001,Albet Surya Kembara,UPDATE_ATTENDANCE,ATTENDANCE,ATD4636A161,2026-09-12T08:51:36.715Z
LOG8F060614,USR001,Albet Surya Kembara,UPDATE_ATTENDANCE,ATTENDANCE,ATD6CF428C4,2026-09-12T08:51:37.667Z
LOGCE17DF73,USR001,Albet Surya Kembara,UPDATE_ATTENDANCE,ATTENDANCE,ATD4804557E,2026-09-12T08:51:38.401Z
LOGEE33842E,USR001,Albet Surya Kembara,UPDATE_ATTENDANCE,ATTENDANCE,ATD58269A7E,2026-09-12T08:51:39.126Z
LOG5E39294B,USR001,Albet Surya Kembara,UPDATE_ATTENDANCE,ATTENDANCE,ATD1D15AD05,2026-09-12T08:51:40.352Z
LOG40FAD6C5,USR001,Albet Surya Kembara,UPDATE_ATTENDANCE,ATTENDANCE,ATD04BB7C0E,2026-09-12T08:51:41.668Z
LOGA5EAD6EC,USR001,Albet Surya Kembara,UPDATE_ATTENDANCE,ATTENDANCE,ATD100F0E3E,2026-09-12T08:51:43.632Z
LOG565D95EA,USR001,Albet Surya Kembara,UPDATE_ATTENDANCE,ATTENDANCE,ATD5628762D,2026-09-12T08:51:45.311Z
LOGAED5ED7E,USR001,Albet Surya Kembara,UPDATE_ATTENDANCE,ATTENDANCE,ATDA052FCE1,2026-09-12T08:51:46.754Z
LOG688D4C56,USR001,Albet Surya Kembara,UPDATE_ATTENDANCE,ATTENDANCE,ATDC56E044D,2026-09-12T08:51:48.465Z
LOG727A2E91,USR001,Albet Surya Kembara,UPDATE_ATTENDANCE,ATTENDANCE,ATD5628762D,2026-09-12T08:51:59.780Z
LOG0090D052,USR001,Albet Surya Kembara,UPDATE_ATTENDANCE,ATTENDANCE,ATD100E97FA,2026-09-12T08:52:01.228Z
LOGBF6A24F4,USR001,Albet Surya Kembara,UPDATE_ATTENDANCE,ATTENDANCE,ATD6CF428C4,2026-09-12T08:52:02.966Z
LOGABFA9310,USR001,Albet Surya Kembara,UPDATE_ATTENDANCE,ATTENDANCE,ATD58269A7E,2026-09-12T08:52:03.765Z
LOGBA69E413,USR001,Albet Surya Kembara,UPDATE_ATTENDANCE,ATTENDANCE,ATDA052FCE1,2026-09-12T08:52:04.836Z
LOG74FACE80,USR001,Albet Surya Kembara,UPDATE_ATTENDANCE,ATTENDANCE,ATD04BB7C0E,2026-09-12T08:52:05.489Z
LOGED599961,USR001,Albet Surya Kembara,UPDATE_ATTENDANCE,ATTENDANCE,ATD2B3C5FAB,2026-09-12T08:52:06.242Z
LOGF3D735A1,USR001,Albet Surya Kembara,UPDATE_ATTENDANCE,ATTENDANCE,ATDC56E044D,2026-09-12T08:52:07.555Z
LOG75143146,USR001,Albet Surya Kembara,UPDATE_ATTENDANCE,ATTENDANCE,ATD1D15AD05,2026-09-12T08:52:09.500Z
LOGFAD5F2D3,USR001,Albet Surya Kembara,UPDATE_ATTENDANCE,ATTENDANCE,ATD100F0E3E,2026-09-12T08:52:10.310Z
LOGE0D62A49,USR001,Albet Surya Kembara,UPDATE_ATTENDANCE,ATTENDANCE,ATDFA512A3F,2026-09-12T08:52:11.460Z
LOG9B1ECBA4,USR001,Albet Surya Kembara,UPDATE_ATTENDANCE,ATTENDANCE,ATD4636A161,2026-09-12T08:52:12.539Z
LOG890F6E2A,USR001,Albet Surya Kembara,UPDATE_ATTENDANCE,ATTENDANCE,ATD4804557E,2026-09-12T08:52:13.559Z
LOG0D28DE5C,USR001,Albet Surya Kembara,UPDATE_ATTENDANCE,ATTENDANCE,ATDB80CB8F1,2026-09-12T08:52:36.428Z
LOG6DDF5E5C,USR001,Albet Surya Kembara,UPDATE_ATTENDANCE,ATTENDANCE,ATDBF9D1F3C,2026-09-12T08:53:23.028Z
LOG5B95A848,USR001,Albet Surya Kembara,UPDATE_ATTENDANCE,ATTENDANCE,ATDBF9D1F3C,2026-09-12T08:53:25.009Z
LOG83811421,USR001,Albet Surya Kembara,DELETE_ATTENDANCE_BY_MEETING,MEETING,MTGBA3A5A7F,2026-09-12T09:10:00.016Z
LOG8051D7C0,USR001,Albet Surya Kembara,CREATE_ATTENDANCE,ATTENDANCE,ATDE216A485,2026-09-12T09:10:06.114Z
LOGA75C8DB6,USR001,Albet Surya Kembara,DELETE_ATTENDANCE,ATTENDANCE,ATDE216A485,2026-09-12T09:10:08.399Z
LOGE8CD672E,USR001,Albet Surya Kembara,CREATE_ATTENDANCE,ATTENDANCE,ATD5ECE1702,2026-09-12T09:10:13.755Z
LOGE518DDE8,USR001,Albet Surya Kembara,DELETE_ATTENDANCE,ATTENDANCE,ATD5ECE1702,2026-09-12T09:10:14.772Z
LOGB5695170,USR001,Albet Surya Kembara,CREATE_ATTENDANCE,ATTENDANCE,ATD97BBBD91,2026-09-12T09:10:18.032Z
LOG68A05A74,USR001,Albet Surya Kembara,CREATE_ATTENDANCE,ATTENDANCE,ATDE16CF92E,2026-09-12T09:10:19.001Z
LOGB04AE0DC,USR001,Albet Surya Kembara,CREATE_ATTENDANCE,ATTENDANCE,ATD2DCFA89F,2026-09-12T09:10:19.805Z
LOGECB54A13,USR001,Albet Surya Kembara,CREATE_ATTENDANCE,ATTENDANCE,ATD3E410B30,2026-09-12T09:10:21.653Z
LOG2AB77999,USR001,Albet Surya Kembara,CREATE_ATTENDANCE,ATTENDANCE,ATD47B97CD9,2026-09-12T09:10:22.536Z
LOG559CCCB6,USR001,Albet Surya Kembara,CREATE_ATTENDANCE,ATTENDANCE,ATD8ED9F2C2,2026-09-12T09:10:23.972Z
LOG6818D0C3,USR001,Albet Surya Kembara,CREATE_ATTENDANCE,ATTENDANCE,ATDD88D717E,2026-09-12T09:10:25.917Z
LOG56342B21,USR001,Albet Surya Kembara,CREATE_ATTENDANCE,ATTENDANCE,ATDF5EC6ADF,2026-09-12T09:10:26.734Z
LOG76D65B1E,USR001,Albet Surya Kembara,CREATE_ATTENDANCE,ATTENDANCE,ATD883E4EB6,2026-09-12T09:10:27.692Z
LOGFA0D89F5,USR001,Albet Surya Kembara,CREATE_ATTENDANCE,ATTENDANCE,ATDDA0C479A,2026-09-12T09:10:28.944Z
LOG7BD94470,USR001,Albet Surya Kembara,CREATE_ATTENDANCE,ATTENDANCE,ATD8830B364,2026-09-12T09:10:30.152Z
LOG2F25FE96,USR001,Albet Surya Kembara,CREATE_ATTENDANCE,ATTENDANCE,ATD3D157FFD,2026-09-12T09:10:31.591Z
LOGCEC27EBF,USR001,Albet Surya Kembara,CREATE_ATTENDANCE,ATTENDANCE,ATDF0F638F2,2026-09-12T09:10:32.773Z
LOG9DBF7E2D,USR001,Albet Surya Kembara,CREATE_ATTENDANCE,ATTENDANCE,ATDCA651C2F,2026-09-12T09:10:34.503Z
LOG35B75E35,USR001,Albet Surya Kembara,CREATE_ATTENDANCE,ATTENDANCE,ATD0FBFBB7B,2026-09-12T09:10:35.805Z
LOG345F8B9A,USR001,Albet Surya Kembara,CREATE_ATTENDANCE,ATTENDANCE,ATD09EE002D,2026-09-12T09:10:36.896Z
LOG380DC78A,USR001,Albet Surya Kembara,CREATE_ATTENDANCE,ATTENDANCE,ATDB2E4A3A2,2026-09-12T09:10:37.787Z
LOG58CA5763,USR001,Albet Surya Kembara,CREATE_ATTENDANCE,ATTENDANCE,ATD067C09D2,2026-09-12T09:10:38.700Z
LOGEE0D4845,USR001,Albet Surya Kembara,CREATE_ATTENDANCE,ATTENDANCE,ATD2622A6B1,2026-09-12T09:10:39.808Z
LOG79E94AF8,USR001,Albet Surya Kembara,CREATE_ATTENDANCE,ATTENDANCE,ATD81B50BE7,2026-09-12T09:10:41.055Z
LOG4AADD8AF,USR001,Albet Surya Kembara,CREATE_ATTENDANCE,ATTENDANCE,ATD8D22F818,2026-09-12T09:10:42.430Z
LOG4499B2AD,USR001,Albet Surya Kembara,CREATE_ATTENDANCE,ATTENDANCE,ATDA3BD856B,2026-09-12T09:10:44.112Z
LOGFA19914A,USR001,Albet Surya Kembara,CREATE_ATTENDANCE,ATTENDANCE,ATD3B02FAAF,2026-09-12T09:10:45.700Z
LOG7D8561D6,USR001,Albet Surya Kembara,DELETE_ATTENDANCE_BY_MEETING,MEETING,MTGBA3A5A7F,2026-09-12T09:11:12.460Z
LOGD13CABB8,USR001,Albet Surya Kembara,CREATE_ATTENDANCE,ATTENDANCE,ATDD7CD9915,2026-09-12T09:13:13.917Z
LOGBAFD7EDE,USR001,Albet Surya Kembara,DELETE_ATTENDANCE,ATTENDANCE,ATDD7CD9915,2026-09-12T09:13:17.059Z
LOG89165417,USR001,Albet Surya Kembara,CHANGE_PASSWORD,USER,USR001,2026-09-12T09:43:00.837Z
LOGCC1EFC69,USR001,Albet Surya Kembara,CREATE_MEETING,MEETING,MTGD966F90E,2026-09-12T11:47:40.290Z
LOGE58EA266,USR001,Albet Surya Kembara,CREATE_MEETING,MEETING,MTGFD913B20,2026-09-12T11:59:08.453Z
LOG7CBC877C,USR001,Albet Surya Kembara,CREATE_MEETING,MEETING,MTGE55EC117,2026-09-12T12:25:23.246Z
LOGF69E5B38,USR001,Albet Surya Kembara,CREATE_MEETING,MEETING,MTG0060019F,2026-09-12T12:40:41.675Z
LOG15F7F2BE,USR001,Albet Surya Kembara,CREATE_MEETING,MEETING,MTGF6D3CB4B,2026-09-12T12:41:02.143Z
LOGF60D24F7,USR001,Albet Surya Kembara,CREATE_MEETING,MEETING,MTG47E36E45,2026-09-12T12:43:30.511Z
LOG9429BF6E,USR001,Albet Surya Kembara,CREATE_MEETING,MEETING,MTGDE74E48F,2026-09-12T12:53:36.989Z
LOG96DBA1B8,USR001,Albet Surya Kembara,LOGIN,USER,USR001,2026-09-12T13:41:38.173Z
LOG3E9E024E,USR001,Albet Surya Kembara,LOGIN,USER,USR001,2026-09-12T14:05:39.229Z
LOG01E1D52B,USR001,Albet Surya Kembara,UPDATE_GROUP,GROUP,GRP61699CC3,2026-09-12T14:06:54.074Z
LOG8A6701C2,USR001,Albet Surya Kembara,CREATE_MEETING,MEETING,MTG83BEA7C8,2026-09-12T14:12:50.000Z
LOG40A08D17,USR001,Albet Surya Kembara,LOGIN,USER,USR001,2026-09-12T22:17:38.085Z
LOG46CA5497,USR001,Albet Surya Kembara,CHANGE_PASSWORD,USER,USR001,2026-09-12T22:18:05.409Z
LOG26CD02CB,USR001,Albet Surya Kembara,CREATE_ATTENDANCE,ATTENDANCE,ATDFE63EFFF,2026-09-13T01:22:43.825Z
LOG5D47C251,USR001,Albet Surya Kembara,CREATE_ATTENDANCE,ATTENDANCE,ATDE65604BA,2026-09-13T01:22:45.191Z
LOG842732D1,USR001,Albet Surya Kembara,CREATE_ATTENDANCE,ATTENDANCE,ATD742DB76F,2026-09-13T01:22:45.797Z
LOGC63623D4,USR001,Albet Surya Kembara,CREATE_ATTENDANCE,ATTENDANCE,ATD32FA7848,2026-09-13T01:22:46.309Z
LOG1D2D6DE2,USR001,Albet Surya Kembara,CREATE_ATTENDANCE,ATTENDANCE,ATD07C907C7,2026-09-13T01:22:46.909Z
LOG3CF5B728,USR001,Albet Surya Kembara,CREATE_ATTENDANCE,ATTENDANCE,ATDAE2233ED,2026-09-13T01:22:47.497Z
LOG942DDD21,USR001,Albet Surya Kembara,CREATE_ATTENDANCE,ATTENDANCE,ATD2E36D5F5,2026-09-13T01:22:48.141Z
LOG79797E5F,USR001,Albet Surya Kembara,CREATE_ATTENDANCE,ATTENDANCE,ATDBB0BD9A2,2026-09-13T01:22:48.720Z
LOG9711057A,USR001,Albet Surya Kembara,CREATE_ATTENDANCE,ATTENDANCE,ATDB9925258,2026-09-13T01:22:49.248Z
LOG3970DDF7,USR001,Albet Surya Kembara,CREATE_ATTENDANCE,ATTENDANCE,ATD080A1BD8,2026-09-13T01:22:49.903Z
LOG307A3E52,USR001,Albet Surya Kembara,CREATE_ATTENDANCE,ATTENDANCE,ATD644028B9,2026-09-13T01:22:50.491Z
LOG28EFD25D,USR001,Albet Surya Kembara,CREATE_ATTENDANCE,ATTENDANCE,ATDA61BF203,2026-09-13T01:22:51.002Z
LOG04CD255C,USR001,Albet Surya Kembara,CREATE_ATTENDANCE,ATTENDANCE,ATD732F22C2,2026-09-13T01:22:51.584Z
LOG50CA54F5,USR001,Albet Surya Kembara,CREATE_ATTENDANCE,ATTENDANCE,ATDF01D2A02,2026-09-13T01:22:52.651Z
LOGE9CD91CA,USR001,Albet Surya Kembara,CREATE_ATTENDANCE,ATTENDANCE,ATDA0593B6C,2026-09-13T01:22:53.327Z
LOG21F954CD,USR001,Albet Surya Kembara,DELETE_ATTENDANCE_BY_MEETING,MEETING,MTGFD913B20,2026-09-13T01:22:56.850Z
LOGEEF54436,USR001,Albet Surya Kembara,CREATE_ATTENDANCE,ATTENDANCE,ATDE95B217F,2026-09-13T01:22:57.377Z
LOG271A9184,USR001,Albet Surya Kembara,CREATE_ATTENDANCE,ATTENDANCE,ATD52EA05AC,2026-09-13T01:22:58.082Z
LOG1E1B9771,USR001,Albet Surya Kembara,CREATE_ATTENDANCE,ATTENDANCE,ATD93418BA1,2026-09-13T01:22:59.013Z
LOG5B23FC86,USR001,Albet Surya Kembara,CREATE_ATTENDANCE,ATTENDANCE,ATDF8B259D7,2026-09-13T01:22:59.754Z
LOGC280E525,USR001,Albet Surya Kembara,CREATE_ATTENDANCE,ATTENDANCE,ATDDAADC1C9,2026-09-13T01:23:00.585Z
LOG97561687,USR001,Albet Surya Kembara,CREATE_ATTENDANCE,ATTENDANCE,ATDC8A34C0F,2026-09-13T01:23:01.404Z
LOGABB26AC6,USR001,Albet Surya Kembara,CREATE_ATTENDANCE,ATTENDANCE,ATD07920C1A,2026-09-13T01:23:02.243Z
LOG01BC7316,USR001,Albet Surya Kembara,CREATE_ATTENDANCE,ATTENDANCE,ATDA7590B1A,2026-09-13T01:23:03.101Z
LOG15DBB369,USR001,Albet Surya Kembara,DELETE_ATTENDANCE_BY_MEETING,MEETING,MTGFD913B20,2026-09-13T01:24:21.198Z
LOG74B663AC,USR001,Albet Surya Kembara,CREATE_ATTENDANCE,ATTENDANCE,ATD0E257A8C,2026-09-13T01:24:36.922Z
LOGDEA50DEA,USR001,Albet Surya Kembara,CREATE_ATTENDANCE,ATTENDANCE,ATD2E981827,2026-09-13T01:24:37.574Z
LOG64DF4201,USR001,Albet Surya Kembara,CREATE_ATTENDANCE,ATTENDANCE,ATD5067D5D2,2026-09-13T01:24:38.165Z
LOG858478CE,USR001,Albet Surya Kembara,CREATE_ATTENDANCE,ATTENDANCE,ATDA8ABF739,2026-09-13T01:24:38.816Z
LOGC7EBCE4B,USR001,Albet Surya Kembara,CREATE_ATTENDANCE,ATTENDANCE,ATDBAFAD583,2026-09-13T01:24:39.536Z
LOG9F9109B4,USR001,Albet Surya Kembara,CREATE_ATTENDANCE,ATTENDANCE,ATD507AA45B,2026-09-13T01:24:40.159Z
LOGF7A96EB8,USR001,Albet Surya Kembara,CREATE_ATTENDANCE,ATTENDANCE,ATD0C08B76E,2026-09-13T01:24:40.767Z
LOG680D8366,USR001,Albet Surya Kembara,CREATE_ATTENDANCE,ATTENDANCE,ATD87DEF745,2026-09-13T01:24:41.492Z
LOGC02049F5,USR001,Albet Surya Kembara,CREATE_ATTENDANCE,ATTENDANCE,ATD5B1E07A9,2026-09-13T01:24:42.086Z
LOGC490B4A1,USR001,Albet Surya Kembara,CREATE_ATTENDANCE,ATTENDANCE,ATDA4A8DACE,2026-09-13T01:24:43.114Z
LOG4C507E4D,USR001,Albet Surya Kembara,CREATE_ATTENDANCE,ATTENDANCE,ATD1CEFC754,2026-09-13T01:24:43.695Z
LOGC372E341,USR001,Albet Surya Kembara,CREATE_ATTENDANCE,ATTENDANCE,ATD68B523F1,2026-09-13T01:24:44.420Z
LOG23FD34D5,USR001,Albet Surya Kembara,CREATE_ATTENDANCE,ATTENDANCE,ATD48EB484B,2026-09-13T01:24:45.212Z
LOGF6A0C0CB,USR001,Albet Surya Kembara,CREATE_ATTENDANCE,ATTENDANCE,ATDE9EFF955,2026-09-13T01:24:45.948Z
LOGC092888D,USR001,Albet Surya Kembara,CREATE_ATTENDANCE,ATTENDANCE,ATD7FE4BABF,2026-09-13T01:24:47.006Z
LOGE77B10D7,USR001,Albet Surya Kembara,CREATE_ATTENDANCE,ATTENDANCE,ATD0CC0DB71,2026-09-13T01:24:49.787Z
LOG3AEB0F5E,USR001,Albet Surya Kembara,CREATE_ATTENDANCE,ATTENDANCE,ATD96806CF2,2026-09-13T01:24:50.517Z
LOG0ED7E003,USR001,Albet Surya Kembara,CREATE_ATTENDANCE,ATTENDANCE,ATD3D8240AE,2026-09-13T01:24:52.112Z
LOGD86C83B3,USR001,Albet Surya Kembara,CREATE_ATTENDANCE,ATTENDANCE,ATD7BD67349,2026-09-13T01:24:52.981Z
LOGA5794F75,USR001,Albet Surya Kembara,CREATE_ATTENDANCE,ATTENDANCE,ATD5CF66376,2026-09-13T01:24:53.772Z
LOG47CD4A82,USR001,Albet Surya Kembara,CREATE_ATTENDANCE,ATTENDANCE,ATD70CEDE50,2026-09-13T01:24:54.451Z
LOG11D4AEF1,USR001,Albet Surya Kembara,CREATE_ATTENDANCE,ATTENDANCE,ATDCC774720,2026-09-13T01:24:55.213Z
LOG4C54F764,USR001,Albet Surya Kembara,CREATE_ATTENDANCE,ATTENDANCE,ATD8E323320,2026-09-13T01:24:56.373Z
LOG7AB2A5B6,USR001,Albet Surya Kembara,DELETE_ATTENDANCE_BY_MEETING,MEETING,MTGFD913B20,2026-09-13T01:25:14.570Z
LOG7BB9A9F0,USR001,Albet Surya Kembara,CREATE_ATTENDANCE,ATTENDANCE,ATD3E497B63,2026-09-13T01:26:05.635Z
LOG167FA117,USR001,Albet Surya Kembara,CREATE_ATTENDANCE,ATTENDANCE,ATD5137221B,2026-09-13T01:26:06.299Z
LOG62099856,USR001,Albet Surya Kembara,CREATE_ATTENDANCE,ATTENDANCE,ATD37382677,2026-09-13T01:26:06.800Z
LOGEB482C4B,USR001,Albet Surya Kembara,CREATE_ATTENDANCE,ATTENDANCE,ATD89469AA9,2026-09-13T01:26:07.569Z
LOG533CF4BA,USR001,Albet Surya Kembara,CREATE_ATTENDANCE,ATTENDANCE,ATD29EA0DFE,2026-09-13T01:26:08.135Z
LOGCB43B2D5,USR001,Albet Surya Kembara,CREATE_ATTENDANCE,ATTENDANCE,ATD7951840F,2026-09-13T01:26:09.127Z
LOG0216E202,USR001,Albet Surya Kembara,CREATE_ATTENDANCE,ATTENDANCE,ATD81F5C7DF,2026-09-13T01:26:09.641Z
LOGB70C45A5,USR001,Albet Surya Kembara,CREATE_ATTENDANCE,ATTENDANCE,ATDD3C5CFB0,2026-09-13T01:26:10.605Z
LOG5CF93FD6,USR001,Albet Surya Kembara,CREATE_ATTENDANCE,ATTENDANCE,ATD0F8508EB,2026-09-13T01:26:11.251Z
LOG9727CD27,USR001,Albet Surya Kembara,CREATE_ATTENDANCE,ATTENDANCE,ATD4C5C0B3D,2026-09-13T01:26:11.851Z
LOG0527F5D6,USR001,Albet Surya Kembara,CREATE_ATTENDANCE,ATTENDANCE,ATD124A6A6D,2026-09-13T01:26:12.905Z
LOGEBB515D9,USR001,Albet Surya Kembara,CREATE_ATTENDANCE,ATTENDANCE,ATD8CE83DF4,2026-09-13T01:26:13.930Z
LOGDEBC7904,USR001,Albet Surya Kembara,CREATE_ATTENDANCE,ATTENDANCE,ATD56B540E8,2026-09-13T01:26:14.878Z
LOGBDB35034,USR001,Albet Surya Kembara,DELETE_ATTENDANCE_BY_MEETING,MEETING,MTGFD913B20,2026-09-13T01:26:18.528Z
LOG641A15F9,USR001,Albet Surya Kembara,CREATE_ATTENDANCE,ATTENDANCE,ATD0C1E78D9,2026-09-13T01:26:19.081Z
LOGA0FA095B,USR001,Albet Surya Kembara,CREATE_ATTENDANCE,ATTENDANCE,ATD5CA2C570,2026-09-13T01:26:19.581Z
LOG228D9E89,USR001,Albet Surya Kembara,CREATE_ATTENDANCE,ATTENDANCE,ATD43208CC7,2026-09-13T01:26:20.607Z
LOG805218AE,USR001,Albet Surya Kembara,CREATE_ATTENDANCE,ATTENDANCE,ATDF9BB45BF,2026-09-13T01:26:21.256Z
LOG00A76485,USR001,Albet Surya Kembara,CREATE_ATTENDANCE,ATTENDANCE,ATD5BA7CB1F,2026-09-13T01:26:21.981Z
LOGF5CFBDE9,USR001,Albet Surya Kembara,CREATE_ATTENDANCE,ATTENDANCE,ATD5772E85A,2026-09-13T01:26:22.698Z
LOGC2B270C5,USR001,Albet Surya Kembara,CREATE_ATTENDANCE,ATTENDANCE,ATD139BBB85,2026-09-13T01:26:24.530Z
LOG3FC17C84,USR001,Albet Surya Kembara,CREATE_ATTENDANCE,ATTENDANCE,ATDE316EBE9,2026-09-13T01:26:25.509Z
LOGE4B9263C,USR001,Albet Surya Kembara,CREATE_ATTENDANCE,ATTENDANCE,ATDE62D7059,2026-09-13T01:26:26.464Z
LOG416F5E88,USR001,Albet Surya Kembara,CREATE_ATTENDANCE,ATTENDANCE,ATDF04151A8,2026-09-13T01:26:27.145Z
LOG146C3078,USR001,Albet Surya Kembara,DELETE_ATTENDANCE_BY_MEETING,MEETING,MTGFD913B20,2026-09-13T01:29:48.046Z
LOG736B3851,USR001,Albet Surya Kembara,CREATE_ATTENDANCE,ATTENDANCE,ATDD396E34E,2026-09-13T01:29:55.513Z
LOG5F7371FC,USR001,Albet Surya Kembara,CREATE_ATTENDANCE,ATTENDANCE,ATD56790FC1,2026-09-13T01:29:56.117Z
LOGD23504DB,USR001,Albet Surya Kembara,CREATE_ATTENDANCE,ATTENDANCE,ATD7589211B,2026-09-13T01:29:56.708Z
LOG7BA860B2,USR001,Albet Surya Kembara,CREATE_ATTENDANCE,ATTENDANCE,ATD8551F25E,2026-09-13T01:29:57.536Z
LOG7ECB63EC,USR001,Albet Surya Kembara,CREATE_ATTENDANCE,ATTENDANCE,ATD51CF1542,2026-09-13T01:29:58.300Z
LOG3AAC4CAB,USR001,Albet Surya Kembara,CREATE_ATTENDANCE,ATTENDANCE,ATD628D8E39,2026-09-13T01:29:58.796Z
LOG44CD99FD,USR001,Albet Surya Kembara,CREATE_ATTENDANCE,ATTENDANCE,ATD997B153F,2026-09-13T01:29:59.380Z
LOGF0F720A1,USR001,Albet Surya Kembara,CREATE_ATTENDANCE,ATTENDANCE,ATD34BBE9C9,2026-09-13T01:29:59.963Z
LOGEB2BD1CD,USR001,Albet Surya Kembara,CREATE_ATTENDANCE,ATTENDANCE,ATD3944A108,2026-09-13T01:30:00.658Z
LOGB35071B5,USR001,Albet Surya Kembara,CREATE_ATTENDANCE,ATTENDANCE,ATD92491624,2026-09-13T01:30:01.470Z
LOG878D1377,USR001,Albet Surya Kembara,CREATE_ATTENDANCE,ATTENDANCE,ATD0350427A,2026-09-13T01:30:02.358Z
LOGF290A528,USR001,Albet Surya Kembara,CREATE_ATTENDANCE,ATTENDANCE,ATDD43558B5,2026-09-13T01:30:03.136Z
LOG2B715908,USR001,Albet Surya Kembara,CREATE_ATTENDANCE,ATTENDANCE,ATDC69C2281,2026-09-13T01:30:03.887Z
LOG6FF3A17E,USR001,Albet Surya Kembara,CREATE_ATTENDANCE,ATTENDANCE,ATDF6018DA9,2026-09-13T01:30:04.704Z
LOGA74AF806,USR001,Albet Surya Kembara,CREATE_ATTENDANCE,ATTENDANCE,ATD08B66549,2026-09-13T01:30:05.572Z
LOG96F06ADA,USR001,Albet Surya Kembara,CREATE_ATTENDANCE,ATTENDANCE,ATD70EA838A,2026-09-13T01:30:06.304Z
LOG36F98B9B,USR001,Albet Surya Kembara,CREATE_ATTENDANCE,ATTENDANCE,ATD897DB3EF,2026-09-13T01:30:07.071Z
LOG065F48ED,USR001,Albet Surya Kembara,CREATE_ATTENDANCE,ATTENDANCE,ATD3167FF17,2026-09-13T01:30:07.787Z
LOG8587E995,USR001,Albet Surya Kembara,CREATE_ATTENDANCE,ATTENDANCE,ATD0B771B33,2026-09-13T01:30:08.926Z
LOG87E4C6A4,USR001,Albet Surya Kembara,CREATE_ATTENDANCE,ATTENDANCE,ATD01F2EACD,2026-09-13T01:30:09.891Z
LOG30E1C9AF,USR001,Albet Surya Kembara,CREATE_ATTENDANCE,ATTENDANCE,ATDD034F1F6,2026-09-13T01:30:10.628Z
LOG5DC7A30B,USR001,Albet Surya Kembara,CREATE_ATTENDANCE,ATTENDANCE,ATD07A65148,2026-09-13T01:30:11.425Z
LOGB2050205,USR001,Albet Surya Kembara,CREATE_ATTENDANCE,ATTENDANCE,ATD89479C1B,2026-09-13T01:30:12.272Z
LOG0F80A0F7,USR001,Albet Surya Kembara,DELETE_ATTENDANCE_BY_MEETING,MEETING,MTGFD913B20,2026-09-13T01:37:09.893Z
LOGC7B9F13F,USR001,Albet Surya Kembara,CREATE_ATTENDANCE,ATTENDANCE,ATDE2481C21,2026-09-13T01:37:39.976Z
LOG1D06F37A,USR001,Albet Surya Kembara,CREATE_ATTENDANCE,ATTENDANCE,ATD6F6479D0,2026-09-13T01:37:40.929Z
LOGD172B389,USR001,Albet Surya Kembara,CREATE_ATTENDANCE,ATTENDANCE,ATD52422FC2,2026-09-13T01:37:41.632Z
LOGCD66814D,USR001,Albet Surya Kembara,CREATE_ATTENDANCE,ATTENDANCE,ATD4B58B229,2026-09-13T01:37:42.715Z
LOG8C357524,USR001,Albet Surya Kembara,CREATE_ATTENDANCE,ATTENDANCE,ATD650A3796,2026-09-13T01:37:43.487Z
LOG9E6156EB,USR001,Albet Surya Kembara,CREATE_ATTENDANCE,ATTENDANCE,ATD0123E441,2026-09-13T01:37:44.522Z
LOGEAA13AFC,USR001,Albet Surya Kembara,CREATE_ATTENDANCE,ATTENDANCE,ATD80585EF1,2026-09-13T01:37:45.145Z
LOG2EBF02D7,USR001,Albet Surya Kembara,CREATE_ATTENDANCE,ATTENDANCE,ATD235D9D0B,2026-09-13T01:37:46.100Z
LOG5B7FAC5F,USR001,Albet Surya Kembara,CREATE_ATTENDANCE,ATTENDANCE,ATD46A88C0A,2026-09-13T01:37:46.795Z
LOGA325AE71,USR001,Albet Surya Kembara,CREATE_ATTENDANCE,ATTENDANCE,ATD4252461B,2026-09-13T01:37:47.568Z
LOGC6506CE3,USR001,Albet Surya Kembara,CREATE_ATTENDANCE,ATTENDANCE,ATD581FBB51,2026-09-13T01:37:48.295Z
LOGD7CF5D0D,USR001,Albet Surya Kembara,CREATE_ATTENDANCE,ATTENDANCE,ATD187A3D0D,2026-09-13T01:37:49.548Z
LOG59D78467,USR001,Albet Surya Kembara,CREATE_ATTENDANCE,ATTENDANCE,ATD412F7105,2026-09-13T01:37:50.504Z
LOGD78527E9,USR001,Albet Surya Kembara,CREATE_ATTENDANCE,ATTENDANCE,ATD19A864D1,2026-09-13T01:37:51.272Z
LOGE96B44DC,USR001,Albet Surya Kembara,CREATE_ATTENDANCE,ATTENDANCE,ATD9F2478F7,2026-09-13T01:37:52.095Z
LOG568E0F86,USR001,Albet Surya Kembara,CREATE_ATTENDANCE,ATTENDANCE,ATDD2EE4409,2026-09-13T01:37:53.243Z
LOG1039C1F6,USR001,Albet Surya Kembara,CREATE_ATTENDANCE,ATTENDANCE,ATDBEBA246F,2026-09-13T01:37:53.980Z
LOG5C781B20,USR001,Albet Surya Kembara,CREATE_ATTENDANCE,ATTENDANCE,ATDCA94666C,2026-09-13T01:37:54.808Z
LOGC0286461,USR001,Albet Surya Kembara,CREATE_ATTENDANCE,ATTENDANCE,ATD6054DA29,2026-09-13T01:37:55.586Z
LOGDC8FFF49,USR001,Albet Surya Kembara,CREATE_ATTENDANCE,ATTENDANCE,ATD03B8B7C7,2026-09-13T01:37:56.411Z
LOGDBE4C9DA,USR001,Albet Surya Kembara,CREATE_ATTENDANCE,ATTENDANCE,ATD56007327,2026-09-13T01:37:57.345Z
LOGBCEBE803,USR001,Albet Surya Kembara,CREATE_ATTENDANCE,ATTENDANCE,ATD052B42FF,2026-09-13T01:37:58.210Z
LOG1677D6B4,USR001,Albet Surya Kembara,CREATE_ATTENDANCE,ATTENDANCE,ATD91EE1C25,2026-09-13T01:37:59.300Z
LOG4BC42481,TEST,,DELETE_ATTENDANCE_BY_MEETING,MEETING,MTGFD913B20,2026-09-13T01:50:27.346Z
LOG4F6E9485,USR001,Albet Surya Kembara,CREATE_ATTENDANCE,ATTENDANCE,ATD36C3B2A1,2026-09-13T01:52:15.667Z
LOG24CC3ED2,USR001,Albet Surya Kembara,CREATE_ATTENDANCE,ATTENDANCE,ATD2118D7EE,2026-09-13T01:52:16.373Z
LOG4B5AF6FD,USR001,Albet Surya Kembara,CREATE_ATTENDANCE,ATTENDANCE,ATDBD923802,2026-09-13T01:52:17.182Z
LOG0E8A1CDA,USR001,Albet Surya Kembara,CREATE_ATTENDANCE,ATTENDANCE,ATD26651F80,2026-09-13T01:52:17.942Z
LOGDF640FD5,USR001,Albet Surya Kembara,CREATE_ATTENDANCE,ATTENDANCE,ATDC2E3AA0C,2026-09-13T01:52:18.701Z
LOGC94E9597,USR001,Albet Surya Kembara,CREATE_ATTENDANCE,ATTENDANCE,ATDB56ED880,2026-09-13T01:52:19.508Z
LOGB45D14C1,USR001,Albet Surya Kembara,CREATE_ATTENDANCE,ATTENDANCE,ATDB961C2EC,2026-09-13T01:52:20.417Z
LOGD315305B,USR001,Albet Surya Kembara,CREATE_ATTENDANCE,ATTENDANCE,ATDA23AD872,2026-09-13T01:52:21.379Z
LOG46211F99,USR001,Albet Surya Kembara,CREATE_ATTENDANCE,ATTENDANCE,ATD3D5546DD,2026-09-13T01:52:22.404Z
LOGA23CAC5C,USR001,Albet Surya Kembara,CREATE_ATTENDANCE,ATTENDANCE,ATD0326FE1A,2026-09-13T01:52:23.337Z
LOGFA902260,USR001,Albet Surya Kembara,CREATE_ATTENDANCE,ATTENDANCE,ATD8663C836,2026-09-13T01:52:24.311Z
LOG23FA5C66,USR001,Albet Surya Kembara,CREATE_ATTENDANCE,ATTENDANCE,ATD3CE03FDA,2026-09-13T01:52:25.346Z
LOGCAB811E3,USR001,Albet Surya Kembara,CREATE_ATTENDANCE,ATTENDANCE,ATD98CC871F,2026-09-13T01:52:26.263Z
LOG043A0D04,USR001,Albet Surya Kembara,CREATE_ATTENDANCE,ATTENDANCE,ATD79F9EA87,2026-09-13T01:52:28.599Z
LOG7D13C133,USR001,Albet Surya Kembara,CREATE_ATTENDANCE,ATTENDANCE,ATD129024C3,2026-09-13T01:52:29.485Z
LOG7E40E77A,USR001,Albet Surya Kembara,CREATE_ATTENDANCE,ATTENDANCE,ATD480B77AA,2026-09-13T01:52:30.466Z
LOG4E9E73B7,USR001,Albet Surya Kembara,CREATE_ATTENDANCE,ATTENDANCE,ATDAD172465,2026-09-13T01:52:31.404Z
LOG48E973BA,USR001,Albet Surya Kembara,CREATE_ATTENDANCE,ATTENDANCE,ATDB083112E,2026-09-13T01:52:32.298Z
LOG179B5777,USR001,Albet Surya Kembara,CREATE_ATTENDANCE,ATTENDANCE,ATD465F550B,2026-09-13T01:52:33.243Z
LOGBF885C10,USR001,Albet Surya Kembara,CREATE_ATTENDANCE,ATTENDANCE,ATD827B59EA,2026-09-13T01:52:34.126Z
LOGE38E1CAC,USR001,Albet Surya Kembara,CREATE_ATTENDANCE,ATTENDANCE,ATD51AA96AF,2026-09-13T01:52:35.131Z
LOG4141719F,USR001,Albet Surya Kembara,CREATE_ATTENDANCE,ATTENDANCE,ATDA8C2EBF4,2026-09-13T01:52:36.029Z
LOG15454E26,USR001,Albet Surya Kembara,CREATE_ATTENDANCE,ATTENDANCE,ATD9010D570,2026-09-13T01:52:36.849Z
LOG43A18DDA,USR001,Albet Surya Kembara,DELETE_ATTENDANCE_BY_MEETING,MEETING,MTGFD913B20,2026-09-13T01:54:04.987Z
LOG064873A8,USR001,Albet Surya Kembara,BULK_SAVE_ATTENDANCE,MEETING,MTGFD913B20,2026-09-13T01:54:13.445Z
LOG5C261179,USR001,Albet Surya Kembara,DELETE_ATTENDANCE_BY_MEETING,MEETING,MTGFD913B20,2026-09-13T01:54:28.653Z
LOG811BE83B,USR001,Albet Surya Kembara,BULK_SAVE_ATTENDANCE,MEETING,MTGFD913B20,2026-09-13T01:57:33.095Z
LOG4DD30F7E,USR001,Albet Surya Kembara,DELETE_ATTENDANCE_BY_MEETING,MEETING,MTGFD913B20,2026-09-13T01:57:46.797Z
LOG92727677,USR001,Albet Surya Kembara,BULK_SAVE_ATTENDANCE,MEETING,MTGFD913B20,2026-09-13T01:59:13.989Z
LOG1ACEEA1B,USR001,Albet Surya Kembara,DELETE_ATTENDANCE_BY_MEETING,MEETING,MTGFD913B20,2026-09-13T01:59:21.018Z
LOG1E18CC7B,USR001,Albet Surya Kembara,BULK_SAVE_ATTENDANCE,MEETING,MTGFD913B20,2026-09-13T02:06:00.585Z
LOG7CF6C58D,USR001,Albet Surya Kembara,DELETE_ATTENDANCE_BY_MEETING,MEETING,MTGFD913B20,2026-09-13T02:06:11.852Z
LOG8ED045B8,USR001,Albet Surya Kembara,BULK_SAVE_ATTENDANCE,MEETING,MTGFD913B20,2026-09-13T02:06:19.347Z
LOG931BFBC8,USR001,Albet Surya Kembara,DELETE_ATTENDANCE_BY_MEETING,MEETING,MTGFD913B20,2026-09-13T02:06:25.139Z
LOGD91A810B,USR001,Albet Surya Kembara,CREATE_ATTENDANCE,ATTENDANCE,ATDB6E5CAC5,2026-09-13T02:06:32.773Z
LOGFBCB01E1,USR001,Albet Surya Kembara,CREATE_ATTENDANCE,ATTENDANCE,ATDF836545A,2026-09-13T02:06:36.469Z
LOG1E26F51E,USR001,Albet Surya Kembara,CREATE_ATTENDANCE,ATTENDANCE,ATD9DECF02A,2026-09-13T02:06:39.215Z
LOG5B676ED3,USR001,Albet Surya Kembara,DELETE_ATTENDANCE_BY_MEETING,MEETING,MTGFD913B20,2026-09-13T02:06:43.383Z
LOGD58DC829,USR001,Albet Surya Kembara,BULK_SAVE_ATTENDANCE,MEETING,MTGFD913B20,2026-09-13T02:14:21.714Z
LOGEBDC6B51,USR4743F062,,LOGIN,USER,USR4743F062,2026-09-13T05:19:49.944Z
LOG9186AA29,USR001,Albet Surya Kembara,LOGIN,USER,USR001,2026-09-13T06:24:12.282Z
LOG57D34F1E,USR001,Albet Surya Kembara,LOGIN,USER,USR001,2026-09-13T11:37:35.670Z
LOG05EFD430,USR001,Albet Surya Kembara,LOGIN,USER,USR001,2026-09-13T12:40:08.612Z
LOG23CEF078,USR001,Albet Surya Kembara,LOGIN,USER,USR001,2026-09-13T12:44:12.328Z
LOG7707E8F3,USR001,Albet Surya Kembara,LOGIN,USER,USR001,2026-09-13T14:35:36.360Z
LOGDFAFDEE3,USR001,Albet Surya Kembara,LOGIN,USER,USR001,2026-09-13T14:35:50.411Z
LOGF91598DC,USR001,Albet Surya Kembara,CREATE_MEMBER,MEMBER,MBRC456C668,2026-09-13T22:02:32.240Z
LOGA019F1DC,USR001,Albet Surya Kembara,CREATE_MEMBER,MEMBER,MBR7576753E,2026-09-13T22:04:05.142Z
LOG7C5AD93B,USR001,Albet Surya Kembara,CREATE_MEMBER,MEMBER,MBRCDD9D5F5,2026-09-13T22:05:21.071Z
LOGB9C6F5DA,USR001,Albet Surya Kembara,LOGIN,USER,USR001,2026-09-14T00:48:37.274Z
LOGAF664141,USR001,Albet Surya Kembara,CREATE_USER_FROM_PENDING,USER,USRE5AB2A18,2026-09-14T00:54:33.969Z
LOG8558C34D,USR001,Albet Surya Kembara,APPROVE_PENDING,PENDING,SUB1ECBF3D8,2026-09-14T00:54:34.131Z
LOG6831C7A9,USRE5AB2A18,Agastiya nofa alfianto,LOGIN,USER,USRE5AB2A18,2026-09-14T00:55:31.408Z
LOG0B26A8B6,USR001,Albet Surya Kembara,CREATE_USER_FROM_PENDING,USER,USRA75421B7,2026-09-14T00:55:40.688Z
LOG249F0D91,USR001,Albet Surya Kembara,APPROVE_PENDING,PENDING,SUB04BCB1F5,2026-09-14T00:55:40.841Z
LOGA42BE6F4,USRA75421B7,FARIKHA FIDINILLAH TRIAS PRINANTA,LOGIN,USER,USRA75421B7,2026-09-14T00:56:57.918Z
LOG172DFA7C,USR001,Albet Surya Kembara,LOGIN,USER,USR001,2026-09-14T01:56:38.780Z
LOGDB28BE31,USR001,Albet Surya Kembara,CREATE_USER_FROM_PENDING,USER,USR742BD0D8,2026-09-14T01:57:53.287Z
LOGCD77F756,USR001,Albet Surya Kembara,APPROVE_PENDING,PENDING,SUB321395B1,2026-09-14T01:57:53.499Z
LOG5172B90E,USR742BD0D8,Tias Shalsa Bella,LOGIN,USER,USR742BD0D8,2026-09-14T02:02:34.803Z
LOGF5AB04E6,USR001,Albet Surya Kembara,UPDATE_USER_ROLE,USER,USRE5AB2A18,2026-09-14T02:38:22.012Z
LOGD348C2F1,USR001,Albet Surya Kembara,UPDATE_USER_ROLE,USER,USR742BD0D8,2026-09-14T02:38:31.562Z
LOGD3890014,USR8BA29AF1,Budi Mulyono,LOGIN,USER,USR8BA29AF1,2026-09-14T03:13:52.349Z
LOG456BC263,USR001,Albet Surya Kembara,LOGIN,USER,USR001,2026-09-14T04:08:49.007Z
LOG192D4D06,USR001,Albet Surya Kembara,CREATE_ANNOUNCEMENT,ANNOUNCEMENT,ANN8C3220E3,2026-09-14T05:07:35.778Z
LOG692843BB,USR001,Albet Surya Kembara,CREATE_ANNOUNCEMENT,ANNOUNCEMENT,ANN7650A577,2026-09-14T05:07:54.099Z
LOG76BE1F75,USR001,Albet Surya Kembara,CREATE_ATTENDANCE,ATTENDANCE,ATDED93742B,2026-09-14T05:08:54.216Z
LOGC9431330,USR001,Albet Surya Kembara,UPDATE_ATTENDANCE,ATTENDANCE,ATDED93742B,2026-09-14T05:08:56.494Z
LOGD95BEF4E,USR001,Albet Surya Kembara,UPDATE_ATTENDANCE,ATTENDANCE,ATDED93742B,2026-09-14T05:09:01.637Z
LOGE43DB419,USR001,Albet Surya Kembara,UPDATE_ATTENDANCE,ATTENDANCE,ATDED93742B,2026-09-14T05:09:02.740Z
LOG6AD0247D,USR001,Albet Surya Kembara,UPDATE_ATTENDANCE,ATTENDANCE,ATDED93742B,2026-09-14T05:09:06.511Z
LOGDC400F43,USR001,Albet Surya Kembara,UPDATE_ATTENDANCE,ATTENDANCE,ATDED93742B,2026-09-14T05:09:07.254Z
LOG504B85D7,USR001,Albet Surya Kembara,UPDATE_ATTENDANCE,ATTENDANCE,ATDED93742B,2026-09-14T05:09:07.939Z
LOGEE418076,USR001,Albet Surya Kembara,LOGIN,USER,USR001,2026-09-14T05:19:13.782Z
LOG5050DC33,USR742BD0D8,Tias Shalsa Bella,CREATE_MEMBER,MEMBER,MBR01ED5480,2026-09-14T06:53:32.712Z
LOGF61D0EB1,USR742BD0D8,Tias Shalsa Bella,CREATE_MEMBER,MEMBER,MBR41D84CF9,2026-09-14T06:53:46.438Z
LOG863F1A8E,USR742BD0D8,Tias Shalsa Bella,CREATE_MEMBER,MEMBER,MBR2F9F8BD6,2026-09-14T06:54:44.764Z
LOGFCB49304,USR742BD0D8,Tias Shalsa Bella,UPDATE_MEMBER,MEMBER,MBR2F9F8BD6,2026-09-14T06:55:56.986Z
LOG65D3EC3A,USR742BD0D8,Tias Shalsa Bella,UPDATE_MEMBER,MEMBER,MBR01ED5480,2026-09-14T06:58:43.579Z
LOGD7DCAC85,USR742BD0D8,Tias Shalsa Bella,UPDATE_MEMBER,MEMBER,MBR2F9F8BD6,2026-09-14T07:02:42.768Z
LOGD1EECC6E,USR742BD0D8,Tias Shalsa Bella,UPDATE_MEMBER,MEMBER,MBR2F9F8BD6,2026-09-14T07:03:20.348Z
LOGD943A37F,USR742BD0D8,Tias Shalsa Bella,CREATE_MEMBER,MEMBER,MBRFBFEFAF6,2026-09-14T07:05:26.690Z
LOG0E173F52,USR742BD0D8,Tias Shalsa Bella,CREATE_MEMBER,MEMBER,MBR8B0B3F34,2026-09-14T07:07:30.789Z
LOGCA95EF56,USR742BD0D8,Tias Shalsa Bella,CREATE_MEMBER,MEMBER,MBR8A49E055,2026-09-14T07:07:50.463Z
LOG7E8B5990,USR742BD0D8,Tias Shalsa Bella,CREATE_MEMBER,MEMBER,MBR7EA2B71E,2026-09-14T07:27:21.793Z
LOGFBF5B4A8,USR742BD0D8,Tias Shalsa Bella,CREATE_MEMBER,MEMBER,MBR775DC69A,2026-09-14T07:29:15.417Z
LOGE7EED98C,USR742BD0D8,Tias Shalsa Bella,UPDATE_MEMBER,MEMBER,MBR775DC69A,2026-09-14T07:29:38.762Z
LOG7DBEC59C,USR742BD0D8,Tias Shalsa Bella,LOGIN,USER,USR742BD0D8,2026-09-14T07:31:13.236Z
LOGE0701CCC,USR742BD0D8,Tias Shalsa Bella,UPDATE_GROUP,GROUP,GRP61699CC3,2026-09-14T07:34:00.323Z
LOGEFE7087F,USR742BD0D8,Tias Shalsa Bella,UPDATE_MEMBER,MEMBER,MBR8B0B3F34,2026-09-14T07:41:29.210Z
LOG4852F62A,USR742BD0D8,Tias Shalsa Bella,UPDATE_MEMBER,MEMBER,MBR8B0B3F34,2026-09-14T07:42:20.171Z
LOGBFB6FF84,USR742BD0D8,Tias Shalsa Bella,UPDATE_MEMBER,MEMBER,MBRC397BE2B,2026-09-14T07:44:15.538Z
LOG299F1333,USR742BD0D8,Tias Shalsa Bella,CREATE_MEETING,MEETING,MTGBC9BDCFF,2026-09-14T09:33:06.097Z
LOGC914D63B,USR742BD0D8,Tias Shalsa Bella,UPDATE_MEMBER,MEMBER,MBR7EA2B71E,2026-09-14T10:06:24.924Z
LOG7264E5D5,USR742BD0D8,Tias Shalsa Bella,CREATE_MEMBER,MEMBER,MBR3ACA8737,2026-09-14T10:37:21.455Z
LOG75B024B6,USR742BD0D8,Tias Shalsa Bella,CREATE_MEMBER,MEMBER,MBR7A00C821,2026-09-14T10:38:57.705Z
LOG315AACBF,USR742BD0D8,Tias Shalsa Bella,CREATE_MEMBER,MEMBER,MBR3986EE5D,2026-09-14T10:43:00.013Z
LOGD1576248,USR742BD0D8,Tias Shalsa Bella,CREATE_MEMBER,MEMBER,MBRDD6370E9,2026-09-14T10:44:44.690Z
LOGE68C5735,USR742BD0D8,Tias Shalsa Bella,UPDATE_MEMBER,MEMBER,MBRDD6370E9,2026-09-14T10:45:13.000Z
LOG431CD58D,USR742BD0D8,Tias Shalsa Bella,CREATE_MEMBER,MEMBER,MBRFA68E0FB,2026-09-14T11:50:30.470Z
LOG09D0976C,USR742BD0D8,Tias Shalsa Bella,CREATE_MEMBER,MEMBER,MBR1EFB2557,2026-09-14T11:52:02.824Z
LOG2EF528AE,USR001,Albet Surya Kembara,LOGIN,USER,USR001,2026-09-14T13:18:14.906Z
LOG22D78285,USR001,Albet Surya Kembara,LOGIN,USER,USR001,2026-09-14T13:18:30.891Z
LOGC25AFB6A,USR742BD0D8,Tias Shalsa Bella,LOGIN,USER,USR742BD0D8,2026-09-14T22:16:03.484Z
LOG8848B726,USR001,Albet Surya Kembara,LOGIN,USER,USR001,2026-09-15T03:36:23.880Z
LOG113128FB,USR001,Albet Surya Kembara,LOGIN,USER,USR001,2026-09-15T03:36:38.267Z
LOGDC8C0876,USR001,Albet Surya Kembara,LOGIN,USER,USR001,2026-09-15T03:37:08.270Z
LOG20EABEB0,USR001,Albet Surya Kembara,LOGIN,USER,USR001,2026-09-15T03:37:32.748Z
LOG0AB293F7,USR001,Albet Surya Kembara,LOGIN,USER,USR001,2026-09-15T04:24:55.269Z
LOGD43ECF5D,USRE5AB2A18,Agastiya nofa alfianto,LOGIN,USER,USRE5AB2A18,2026-09-15T05:05:10.237Z
LOG31A4C27C,USR001,Albet Surya Kembara,LOGIN,USER,USR001,2026-09-15T05:07:22.861Z
LOGBDA8E8D1,USRE5AB2A18,Agastiya nofa alfianto,LOGIN,USER,USRE5AB2A18,2026-09-15T05:09:47.569Z
LOG152A8CA0,USRE5AB2A18,Agastiya nofa alfianto,CREATE_MEETING,MEETING,MTG577768FD,2026-09-15T05:10:56.512Z
LOG91A8F2E7,USR001,Albet Surya Kembara,LOGIN,USER,USR001,2026-09-15T07:29:57.211Z
LOG0206527B,USR001,Albet Surya Kembara,LOGIN,USER,USR001,2026-09-15T07:49:53.696Z
LOGB8609D84,USR001,Albet Surya Kembara,LOGIN,USER,USR001,2026-09-15T09:33:21.845Z
LOGB8637FCF,USR001,Albet Surya Kembara,LOGIN,USER,USR001,2026-09-15T09:33:54.421Z
LOG25C1FEC9,USR001,Albet Surya Kembara,LOGIN,USER,USR001,2026-09-15T13:10:42.766Z
LOG3FBF540C,USR001,Albet Surya Kembara,UPDATE_MEETING,MEETING,MTG577768FD,2026-09-15T13:13:42.290Z
LOG61817DC2,USR001,Albet Surya Kembara,UPDATE_MEETING,MEETING,MTGBC9BDCFF,2026-09-15T13:14:11.611Z