member_id,nama_lengkap,nama_panggilan,jenis_kelamin,tempat_lahir,tanggal_lahir,foto_url,no_wa,alamat_rumah,desa,daerah,kelompok,is_muballigh,is_kerja,is_nikah,tinggi_badan,berat_badan,hobi,pekerjaan,status_pembinaan,status_aktif,tanggal_masuk,tanggal_keluar,jenjang_pendidikan,sekolah,jurusan,tahun_mulai_pendidikan,tahun_selesai_pendidikan,created_at,updated_at
MBR614D3AA8,Albet Surya Kembara,Albet/Betti,Laki-laki,Situbondo,1998-06-06,https://drive.google.com/thumbnail?id=1l0cM0PYha1GxbNhSqRf60hwShGxOb7qV&sz=w1000,6285211888802,Jl. Semampir Selatan 2A no. 110,Medokan Semampir,Situbondo,Latukan,TRUE,TRUE,FALSE,,,"Membaca buku, fotografi, berkelana",Bekerja,TIDAK_AKTIF,FALSE,2026-09-11,2026-09-11,S1,Unair,Akuakultur,2016,,2026-09-11T11:16:58.774Z,2026-09-12T02:17:42.596Z
MBR6E84F9F7,Olron Lan Badar,Olron,L,,,,,,Barat,Banteng Putih,Latukan,true,true,true,,,,,AKTIF,true,2026-09-13,,,,,,,2026-09-13T06:21:36.151Z,2026-09-13T06:21:36.151Z
MBRC9B29482,Budi Mulyono,Budi,L,,,,,,Barat,Banteng Putih,Latukan,true,true,true,,,,,AKTIF,true,2026-09-13,,,,,,,2026-09-13T06:21:36.151Z,2026-09-13T06:21:36.151Z
MBRC456C668,Setiana,Ana,P,Blitar,1980-04-08,,,Jl. Sunan Ampel,Barat,Banteng Putih,Latukan,true,false,true,,,,,AKTIF,true,2026-09-13,,,,,,,2026-09-13T22:02:32.074Z,2026-09-13T22:02:32.074Z
MBR7576753E,Didik Supriono,Didik,L,Lamongan,1975-08-20,,,Jl. Sunan Ampel,Barat,Banteng Putih,Latukan,true,false,true,,,,,AKTIF,true,2026-09-13,,,,,,,2026-09-13T22:04:05.035Z,2026-09-13T22:04:05.035Z
MBRCDD9D5F5,Umar Buang,Umar,L,Lamongan,1977-06-03,,,Jl. Sultan Agung,Barat,Banteng Putih,Latukan,true,false,true,,,,,AKTIF,true,2026-09-13,,,,,,,2026-09-13T22:05:20.874Z,2026-09-13T22:05:20.874Z
MBRB2BD7705,Agastiya nofa alfianto,Alfian,L,Klaten,,,6289603932085,,Desa barat,Banteng putih,Latukan,false,false,false,,,,,AKTIF,true,2026-09-14,,SMK,,,,,2026-09-14T00:54:32.732Z,2026-09-14T00:54:32.732Z
MBRDE5AD146,FARIKHA FIDINILLAH TRIAS PRINANTA,Farikha,P,Lamongan,31/07/2000,,6285606023035,RT 6 RW 2 Latukan Karanggeneng Lamongan,Barat,Banteng Putih,Latukan,false,false,true,,,Mengaji,Nutrisionist,AKTIF,true,2026-09-14,,D3,POLTEKKES KEMENKES SURABAYA,Gizi,2020,2023,2026-09-14T00:55:39.875Z,2026-09-14T00:55:39.875Z
MBRC397BE2B,Tias Shalsa Bella,Tias,P,Sampit,18/09/2005,,6285784687503,"Jl sunan ampel Rt 03, Rw 01",Barat,Banteng putih,Latukan,TRUE,FALSE,FALSE,,,,,AKTIF,TRUE,2026-09-13T17:00:00.000Z,,,,,,,2026-09-14T01:57:52.538Z,2026-09-14T07:44:15.275Z
MBR01ED5480,Almira Azzahra Putri Nurdiansyah,Almira,P,Lamongan,2015-08-18,,,"Ds. Latukan, Kec. Karanggeneng",Barat,Banteng Putih,Latukan,FALSE,FALSE,FALSE,,,,,AKTIF,TRUE,2026-09-13T17:00:00.000Z,,,,,,,2026-09-14T06:53:32.492Z,2026-09-14T06:58:43.193Z
MBR41D84CF9,Alberic Dirgantara Putra Nurdiansyah,Dirga,L,Lamongan,2019-09-19,,,"Ds. Latukan, Kec. Karanggeneng",Barat,Banteng Putih,Latukan,false,false,false,,,,,AKTIF,true,2026-09-14,,,,,,,2026-09-14T06:53:46.197Z,2026-09-14T06:53:46.197Z
MBR2F9F8BD6,Rayshiva Alsyazhani Shirazi,Rey,L,Sidoarjo,2022-05-28,,,"Jl ahmad yani, gang makam timur, rt 08, rw02, Latukan",Barat,Banteng Putih,Latukan,FALSE,FALSE,FALSE,,,,,AKTIF,TRUE,2026-09-13T17:00:00.000Z,,,,,,,2026-09-14T06:54:44.452Z,2026-09-14T07:03:20.163Z
MBRFBFEFAF6,Farhana Humaira Rejekine Rofik,Hana,P,Lamongan,2023-12-02,,,"Jln. kh. agus salim, rt 7, Ds. Latukan",Barat,Bantengputih,Latukan,false,false,false,,,,,AKTIF,true,2026-09-14,,,,,,,2026-09-14T07:05:26.507Z,2026-09-14T07:05:26.507Z
MBR8B0B3F34,Kynan Syah Putra Adidya,Kiki,L,Lamongan,2017-11-22T17:00:00.000Z,,,"Jln. Ahmad Yani, rt 08, rw 02 Ds. Latukan",Barat,Bantengputih,Latukan,FALSE,FALSE,FALSE,,,,,AKTIF,TRUE,2026-09-13T17:00:00.000Z,,,,,,,2026-09-14T07:07:29.700Z,2026-09-14T07:42:19.957Z
MBR8A49E055,Ibrahim Movic Pembarepe Rofik,Ibra,L,Lamongan,2022-03-13,,,"Jln. kh. agus salim, rt 7, Ds. Latukan",Barat,Bantengputih,Latukan,false,false,false,,,,,AKTIF,true,2026-09-14,,,,,,,2026-09-14T07:07:50.300Z,2026-09-14T07:07:50.300Z
MBR7EA2B71E,Sabiq Kareem Ibrahim,Sabiq,L,Samarinda,2014-08-23,,,"jln. Kh. Agus salim, RT 7 , latukan karang geneng, lamongan",Barat,Bantengputih,Latukan,FALSE,FALSE,FALSE,,,,,AKTIF,TRUE,2026-09-13T17:00:00.000Z,,,,,,,2026-09-14T07:27:21.613Z,2026-09-14T10:06:24.685Z
MBR775DC69A,Alana Sari Putri Adidya,Alana,P,Lamongan ,2015-06-17T17:00:00.000Z,,,"Jl Ahmad Yani, rt 08, rw 02. Ds Latukan",Barat,Bantengputih,Latukan,FALSE,FALSE,FALSE,,,,,AKTIF,TRUE,2026-09-13T17:00:00.000Z,,,,,,,2026-09-14T07:29:15.223Z,2026-09-14T07:29:38.566Z
MBR3ACA8737,Midkhal Athiyah Al-Ghifari,Midkhal,L,Samarinda,2016-03-29,,,"jln. Kh. Agus salim, RT 7 , latukan karang geneng, lamongan",Barat,Banteng Putih,Latukan,false,false,false,,,,,AKTIF,true,2026-09-14,,,,,,,2026-09-14T10:37:21.226Z,2026-09-14T10:37:21.226Z
MBR7A00C821,Rasyidah Aska Kamilah,Aska,P,Samarinda,2018-07-04,,,"jln. Kh. Agus salim, RT 7 , latukan karang geneng, lamongan",Barat,Banteng Putij,Latukan,false,false,false,,,,,AKTIF,true,2026-09-14,,,,,,,2026-09-14T10:38:57.396Z,2026-09-14T10:38:57.396Z
MBR3986EE5D,Muhammad Hussein Arroyan,Hussein,L,Lamongan,2021-05-29,,,"jln. Kh. Agus salim, RT 7 , latukan karang geneng, lamongan",Barat,Banteng Putih,Latukan,false,false,false,,,,,AKTIF,true,2026-09-14,,,,,,,2026-09-14T10:42:59.707Z,2026-09-14T10:42:59.707Z
MBRDD6370E9,Elisabeth Mariyam,Ibeth,P,Lamongan,2016-09-19,,,Ds Latukan RT 08 rw02 jln Ahmad yani.kec karanggeneg,Barat,Banteng Putih,Latukan,FALSE,FALSE,FALSE,,,,,AKTIF,TRUE,2026-09-13T17:00:00.000Z,,,,,,,2026-09-14T10:44:44.506Z,2026-09-14T10:45:12.533Z
MBRFA68E0FB,King Abdullah Sulaiman,King,L,Lamongan,2018-04-24,,,Ds Latukan RT 08 rw02 jln Ahmad yani.kec karanggeneg,Barat,Banteng Putih,Latukan,false,false,false,,,,,AKTIF,true,2026-09-14,,,,,,,2026-09-14T11:50:30.283Z,2026-09-14T11:50:30.283Z
MBR1EFB2557,Khumairoh Putri Pitulung,Khum,P,Lamongan,2019-07-19,,,Ds Latukan RT 08 rw02 jln Ahmad yani.kec karanggeneg,Barat,Banteng Putih,Latukan,false,false,false,,,,,AKTIF,true,2026-09-14,,,,,,,2026-09-14T11:52:02.536Z,2026-09-14T11:52:02.536Z